,sequence,num_samples,num_samples_frac,num_samples_rank,total_obs,total_obs_rank,total_obs_frac,taxonomy
2,TACGTAGGGCGCAAGCGTTATCCGGAATTATTGGGCGTAAAGAGCTCGTAGGCGGTTTGTCGCGTCTGCCGTGAAAGTCCGGGGCTCAAC,539,0.2695,3,108473.0,1,0.011963887199557236,k__Bacteria; p__Actinobacteria; c__Actinobacteria; o__Actinomycetales; f__Micrococcaceae; g__Arthrobacter; s__psychrolactophilus
5,TACGTAGGTCCCGAGCGTTGTCCGGATTTATTGGGCGTAAAGCGAGCGCAGGCGGTTAGATAAGTCTGAAGTTAAAGGCTGTGGCTTAAC,437,0.2185,6,94816.0,2,0.010457606304916605,k__Bacteria; p__Firmicutes; c__Bacilli; o__Lactobacillales; f__Streptococcaceae; g__Streptococcus
205,TACGGAGGGGGCTAGCGTTGTTCGGAATTACTGGGCGTAAAGCGCACGTAGGCGGCTTTGTAAGTCAGAGGTGAAAGCCTGGAGCTCAAC,166,0.083,206,87411.0,3,0.00964088154656456,k__Bacteria; p__Proteobacteria; c__Alphaproteobacteria; o__Sphingomonadales; f__Sphingomonadaceae; g__Sphingomonas; s__azotifigens
4,TACGGAGGGTGCAAGCGTTAATCGGAATTACTGGGCGTAAAGCGCACGCAGGCGGTCTGTCAAGTCGGATGTGAAATCCCCGGGCTCAAC,445,0.2225,5,77856.0,4,0.008587025359386467,k__Bacteria; p__Proteobacteria; c__Gammaproteobacteria; o__Enterobacteriales; f__Enterobacteriaceae
9,TACGTAGGTGGCAAGCGTTATCCGGAATTATTGGGCGTAAAGCGCGCGTAGGCGGTTTTTTAAGTCTGATGTGAAAGCCCACGGCTCAAC,402,0.201,10,76020.0,5,0.008384526148537803,k__Bacteria; p__Firmicutes; c__Bacilli; o__Bacillales; f__Staphylococcaceae
13,TACGGAGGGTGCAAGCGTTAATCGGAATTACTGGGCGTAAAGCGCACGCAGGCGGTTTGTTAAGTCAGATGTGAAATCCCCGGGCTCAAC,363,0.1815,14,72346.0,6,0.007979307139464825,k__Bacteria; p__Proteobacteria; c__Gammaproteobacteria; o__Enterobacteriales; f__Enterobacteriaceae
6,TACAGAGGGTGCAAGCGTTAATCGGAATTACTGGGCGTAAAGCGCGCGTAGGTGGTTTGTTAAGTTGGATGTGAAATCCCCGGGCTCAAC,417,0.2085,7,63775.0,7,0.007033979941107583,k__Bacteria; p__Proteobacteria; c__Gammaproteobacteria; o__Pseudomonadales; f__Pseudomonadaceae; g__Pseudomonas
935,TACGGAGGGTGCGAGCGTTAATCGGAATGACTGGGCGTAAAGGGCATGTAGGCGGATAATTAAGTTAGGTGTGAAAGCCCTGGGCTCAAC,82,0.040999999999999995,936,63734.0,8,0.0070294578999067145,k__Bacteria; p__Proteobacteria; c__Gammaproteobacteria; o__Pasteurellales; f__; g__; s__
117,TACGGAGGGTGCAAGCGTTAATCGGAATTACTGGGCGTAAAGCGCGCGTAGGTGGTTTGATAAGTTAGATGTGAAAGCCCTGGGCTTAAC,202,0.10099999999999999,118,55380.0,9,0.006108064431807729,k__Bacteria; p__Proteobacteria; c__Gammaproteobacteria
1301,TACGTAGGGTGCGAGCGTTAATCGGAATTACTGGGCGTAAAGCGAGCGCAGACGGTTAATTAAGTCAGATGTGAAATCCCCGAGCTCAAC,70,0.035,1302,53847.0,10,0.005938984208370365,k__Bacteria; p__Proteobacteria; c__Betaproteobacteria; o__Neisseriales; f__Neisseriaceae; g__Kingella; s__
